<?xml version="1.0" encoding="utf-8"?>
<doctrine-mapping xmlns="http://doctrine-project.org/schemas/orm/doctrine-mapping" xmlns:xsi="http://www.w3.org/2001/XMLSchema-instance" xsi:schemaLocation="http://doctrine-project.org/schemas/orm/doctrine-mapping http://doctrine-project.org/schemas/orm/doctrine-mapping.xsd">
  <entity repository-class="AppBundle\Repository\userRepository" name="AppBundle\Entity\user">
    <id name="id" type="integer" column="id">
      <generator strategy="AUTO"/>
    </id>
    <field name="name" type="string" column="name" length="255"/>
    <field name="lastname" type="string" column="lastname" length="255"/>
    <field name="age" type="integer" column="age"/>
    <field name="jobtitle" type="string" column="jobtitle" length="255"/>
  </entity>
</doctrine-mapping>
